mean_fit_time,std_fit_time,mean_score_time,std_score_time,param_min_samples_split,param_min_samples_leaf,param_max_features,param_max_depth,param_criterion,param_class_weight,params,split0_test_score,mean_test_score,std_test_score,rank_test_score,split0_train_score,mean_train_score,std_train_score
0.550940990447998,0.0,0.2933499813079834,0.0,2,10,log2,6,log_loss,balanced,"{'min_samples_split': 2, 'min_samples_leaf': 10, 'max_features': 'log2', 'max_depth': 6, 'criterion': 'log_loss', 'class_weight': 'balanced'}",0.5349818303329017,0.5349818303329017,0.0,44,0.529877878251142,0.529877878251142,0.0
0.6090526580810547,0.0,0.3063220977783203,0.0,5,1,sqrt,16,log_loss,balanced,"{'min_samples_split': 5, 'min_samples_leaf': 1, 'max_features': 'sqrt', 'max_depth': 16, 'criterion': 'log_loss', 'class_weight': 'balanced'}",0.991926719453501,0.991926719453501,0.0,6,0.9984235417761429,0.9984235417761429,0.0
1.8717613220214844,0.0,0.27361464500427246,0.0,50,20,,,log_loss,,"{'min_samples_split': 50, 'min_samples_leaf': 20, 'max_features': None, 'max_depth': None, 'criterion': 'log_loss', 'class_weight': None}",0.9929895622371085,0.9929895622371085,0.0,3,0.9934870621369477,0.9934870621369477,0.0
0.4025993347167969,0.0,0.23610830307006836,0.0,2,1,log2,,log_loss,,"{'min_samples_split': 2, 'min_samples_leaf': 1, 'max_features': 'log2', 'max_depth': None, 'criterion': 'log_loss', 'class_weight': None}",0.9917727413846632,0.9917727413846632,0.0,7,1.0,1.0,0.0
0.4349229335784912,0.0,0.26327085494995117,0.0,5,5,log2,8,gini,balanced,"{'min_samples_split': 5, 'min_samples_leaf': 5, 'max_features': 'log2', 'max_depth': 8, 'criterion': 'gini', 'class_weight': 'balanced'}",0.8610643880777771,0.8610643880777771,0.0,31,0.8684893844508935,0.8684893844508935,0.0
0.4238426685333252,0.0,0.2340717315673828,0.0,2,10,log2,20,log_loss,,"{'min_samples_split': 2, 'min_samples_leaf': 10, 'max_features': 'log2', 'max_depth': 20, 'criterion': 'log_loss', 'class_weight': None}",0.9889956602603843,0.9889956602603843,0.0,10,0.9926367461430575,0.9926367461430575,0.0
0.5608775615692139,0.0,0.2546107769012451,0.0,2,10,sqrt,10,log_loss,balanced,"{'min_samples_split': 2, 'min_samples_leaf': 10, 'max_features': 'sqrt', 'max_depth': 10, 'criterion': 'log_loss', 'class_weight': 'balanced'}",0.6043396226415094,0.6043396226415094,0.0,40,0.5971494445608887,0.5971494445608887,0.0
0.4793393611907959,0.0,0.2886638641357422,0.0,50,2,log2,6,gini,balanced,"{'min_samples_split': 50, 'min_samples_leaf': 2, 'max_features': 'log2', 'max_depth': 6, 'criterion': 'gini', 'class_weight': 'balanced'}",0.6422662321383805,0.6422662321383805,0.0,38,0.644875723527409,0.644875723527409,0.0
0.41309380531311035,0.0,0.26427197456359863,0.0,10,1,log2,10,entropy,,"{'min_samples_split': 10, 'min_samples_leaf': 1, 'max_features': 'log2', 'max_depth': 10, 'criterion': 'entropy', 'class_weight': None}",0.9944759978215203,0.9944759978215203,0.0,2,0.9984191111891797,0.9984191111891797,0.0
2.3658955097198486,0.0,0.25514745712280273,0.0,10,10,,,log_loss,balanced,"{'min_samples_split': 10, 'min_samples_leaf': 10, 'max_features': None, 'max_depth': None, 'criterion': 'log_loss', 'class_weight': 'balanced'}",0.9845020715052939,0.9845020715052939,0.0,16,0.9873549281136325,0.9873549281136325,0.0
0.3861422538757324,0.0,0.25867652893066406,0.0,5,10,log2,20,gini,,"{'min_samples_split': 5, 'min_samples_leaf': 10, 'max_features': 'log2', 'max_depth': 20, 'criterion': 'gini', 'class_weight': None}",0.9273504273504274,0.9273504273504274,0.0,20,0.9336196099481123,0.9336196099481123,0.0
0.4759795665740967,0.0,0.28915929794311523,0.0,5,1,sqrt,4,gini,balanced,"{'min_samples_split': 5, 'min_samples_leaf': 1, 'max_features': 'sqrt', 'max_depth': 4, 'criterion': 'gini', 'class_weight': 'balanced'}",0.34049498486557067,0.34049498486557067,0.0,47,0.3412214252195482,0.3412214252195482,0.0
0.5482580661773682,0.0,0.2926356792449951,0.0,50,1,sqrt,12,entropy,balanced,"{'min_samples_split': 50, 'min_samples_leaf': 1, 'max_features': 'sqrt', 'max_depth': 12, 'criterion': 'entropy', 'class_weight': 'balanced'}",0.8043710356088677,0.8043710356088677,0.0,33,0.7963066592053721,0.7963066592053721,0.0
0.5399749279022217,0.0,0.23367881774902344,0.0,10,2,sqrt,4,gini,balanced,"{'min_samples_split': 10, 'min_samples_leaf': 2, 'max_features': 'sqrt', 'max_depth': 4, 'criterion': 'gini', 'class_weight': 'balanced'}",0.34049498486557067,0.34049498486557067,0.0,47,0.3412214252195482,0.3412214252195482,0.0
2.0667107105255127,0.0,0.21354389190673828,0.0,2,10,,12,gini,balanced,"{'min_samples_split': 2, 'min_samples_leaf': 10, 'max_features': None, 'max_depth': 12, 'criterion': 'gini', 'class_weight': 'balanced'}",0.9028129395218003,0.9028129395218003,0.0,24,0.9106600607319801,0.9106600607319801,0.0
1.8957509994506836,0.0,0.1848313808441162,0.0,10,2,,12,entropy,,"{'min_samples_split': 10, 'min_samples_leaf': 2, 'max_features': None, 'max_depth': 12, 'criterion': 'entropy', 'class_weight': None}",0.9965774735532047,0.9965774735532047,0.0,1,0.9989466292134831,0.9989466292134831,0.0
0.5617961883544922,0.0,0.2099766731262207,0.0,10,5,sqrt,20,entropy,,"{'min_samples_split': 10, 'min_samples_leaf': 5, 'max_features': 'sqrt', 'max_depth': 20, 'criterion': 'entropy', 'class_weight': None}",0.9030693317721836,0.9030693317721836,0.0,22,0.9064638783269962,0.9064638783269962,0.0
2.044879913330078,0.0,0.21985244750976562,0.0,50,2,,12,log_loss,balanced,"{'min_samples_split': 50, 'min_samples_leaf': 2, 'max_features': None, 'max_depth': 12, 'criterion': 'log_loss', 'class_weight': 'balanced'}",0.9863013698630136,0.9863013698630136,0.0,15,0.9897516067396214,0.9897516067396214,0.0
0.62882399559021,0.0,0.2093815803527832,0.0,2,20,sqrt,10,gini,balanced,"{'min_samples_split': 2, 'min_samples_leaf': 20, 'max_features': 'sqrt', 'max_depth': 10, 'criterion': 'gini', 'class_weight': 'balanced'}",0.8773320576778514,0.8773320576778514,0.0,27,0.8857453754080522,0.8857453754080522,0.0
2.4030725955963135,0.0,0.18596744537353516,0.0,2,10,,8,gini,,"{'min_samples_split': 2, 'min_samples_leaf': 10, 'max_features': None, 'max_depth': 8, 'criterion': 'gini', 'class_weight': None}",0.9894003868471953,0.9894003868471953,0.0,9,0.9919383105502979,0.9919383105502979,0.0
0.5574400424957275,0.0,0.21265769004821777,0.0,50,1,log2,10,entropy,balanced,"{'min_samples_split': 50, 'min_samples_leaf': 1, 'max_features': 'log2', 'max_depth': 10, 'criterion': 'entropy', 'class_weight': 'balanced'}",0.7302383939774153,0.7302383939774153,0.0,35,0.7307988697662471,0.7307988697662471,0.0
0.5005686283111572,0.0,0.22336244583129883,0.0,50,20,sqrt,6,gini,,"{'min_samples_split': 50, 'min_samples_leaf': 20, 'max_features': 'sqrt', 'max_depth': 6, 'criterion': 'gini', 'class_weight': None}",0.8675224871190289,0.8675224871190289,0.0,29,0.8612877583465819,0.8612877583465819,0.0
2.2322194576263428,0.0,0.1970057487487793,0.0,10,2,,20,entropy,balanced,"{'min_samples_split': 10, 'min_samples_leaf': 2, 'max_features': None, 'max_depth': 20, 'criterion': 'entropy', 'class_weight': 'balanced'}",0.9924113365339942,0.9924113365339942,0.0,5,0.9975498774938747,0.9975498774938747,0.0
0.41863012313842773,0.0,0.23878049850463867,0.0,10,1,log2,,gini,,"{'min_samples_split': 10, 'min_samples_leaf': 1, 'max_features': 'log2', 'max_depth': None, 'criterion': 'gini', 'class_weight': None}",0.9767948917614079,0.9767948917614079,0.0,17,0.9866055692633063,0.9866055692633063,0.0
0.5247676372528076,0.0,0.16641712188720703,0.0,5,2,sqrt,4,log_loss,balanced,"{'min_samples_split': 5, 'min_samples_leaf': 2, 'max_features': 'sqrt', 'max_depth': 4, 'criterion': 'log_loss', 'class_weight': 'balanced'}",0.2304777713625866,0.2304777713625866,0.0,49,0.23090093762739503,0.23090093762739503,0.0
0.45302629470825195,0.0,0.22307586669921875,0.0,50,5,log2,16,gini,balanced,"{'min_samples_split': 50, 'min_samples_leaf': 5, 'max_features': 'log2', 'max_depth': 16, 'criterion': 'gini', 'class_weight': 'balanced'}",0.8332681017612524,0.8332681017612524,0.0,32,0.8424789232362077,0.8424789232362077,0.0
0.5318596363067627,0.0,0.21493935585021973,0.0,2,10,sqrt,16,gini,balanced,"{'min_samples_split': 2, 'min_samples_leaf': 10, 'max_features': 'sqrt', 'max_depth': 16, 'criterion': 'gini', 'class_weight': 'balanced'}",0.8743684282397924,0.8743684282397924,0.0,28,0.8699236641221374,0.8699236641221374,0.0
0.454343318939209,0.0,0.2099771499633789,0.0,2,20,log2,4,entropy,balanced,"{'min_samples_split': 2, 'min_samples_leaf': 20, 'max_features': 'log2', 'max_depth': 4, 'criterion': 'entropy', 'class_weight': 'balanced'}",0.4630755864465682,0.4630755864465682,0.0,45,0.45987654320987653,0.45987654320987653,0.0
0.40392327308654785,0.0,0.17506694793701172,0.0,20,10,log2,16,entropy,,"{'min_samples_split': 20, 'min_samples_leaf': 10, 'max_features': 'log2', 'max_depth': 16, 'criterion': 'entropy', 'class_weight': None}",0.9889956602603843,0.9889956602603843,0.0,10,0.9926367461430575,0.9926367461430575,0.0
1.5402157306671143,0.0,0.19410467147827148,0.0,50,10,,4,log_loss,,"{'min_samples_split': 50, 'min_samples_leaf': 10, 'max_features': None, 'max_depth': 4, 'criterion': 'log_loss', 'class_weight': None}",0.5853119823302043,0.5853119823302043,0.0,41,0.5922853587722936,0.5922853587722936,0.0
0.40969109535217285,0.0,0.1726219654083252,0.0,5,5,log2,8,entropy,balanced,"{'min_samples_split': 5, 'min_samples_leaf': 5, 'max_features': 'log2', 'max_depth': 8, 'criterion': 'entropy', 'class_weight': 'balanced'}",0.5767081305210023,0.5767081305210023,0.0,42,0.5702529104777198,0.5702529104777198,0.0
0.4675168991088867,0.0,0.20432686805725098,0.0,10,2,sqrt,,gini,,"{'min_samples_split': 10, 'min_samples_leaf': 2, 'max_features': 'sqrt', 'max_depth': None, 'criterion': 'gini', 'class_weight': None}",0.9446877534468775,0.9446877534468775,0.0,19,0.9484309047531657,0.9484309047531657,0.0
0.5145671367645264,0.0,0.19076776504516602,0.0,50,1,sqrt,8,gini,balanced,"{'min_samples_split': 50, 'min_samples_leaf': 1, 'max_features': 'sqrt', 'max_depth': 8, 'criterion': 'gini', 'class_weight': 'balanced'}",0.5506097298228982,0.5506097298228982,0.0,43,0.5483870967741935,0.5483870967741935,0.0
0.3440678119659424,0.0,0.17501592636108398,0.0,10,5,log2,12,entropy,,"{'min_samples_split': 10, 'min_samples_leaf': 5, 'max_features': 'log2', 'max_depth': 12, 'criterion': 'entropy', 'class_weight': None}",0.990197603858721,0.990197603858721,0.0,8,0.9936664320900774,0.9936664320900774,0.0
0.43965578079223633,0.0,0.21876788139343262,0.0,20,5,log2,,entropy,,"{'min_samples_split': 20, 'min_samples_leaf': 5, 'max_features': 'log2', 'max_depth': None, 'criterion': 'entropy', 'class_weight': None}",0.988860325621251,0.988860325621251,0.0,12,0.9922425952045134,0.9922425952045134,0.0
0.42360520362854004,0.0,0.19114422798156738,0.0,5,2,log2,4,entropy,,"{'min_samples_split': 5, 'min_samples_leaf': 2, 'max_features': 'log2', 'max_depth': 4, 'criterion': 'entropy', 'class_weight': None}",0.8625960791087314,0.8625960791087314,0.0,30,0.8573680063041765,0.8573680063041765,0.0
0.47026681900024414,0.0,0.20856547355651855,0.0,5,1,sqrt,4,log_loss,balanced,"{'min_samples_split': 5, 'min_samples_leaf': 1, 'max_features': 'sqrt', 'max_depth': 4, 'criterion': 'log_loss', 'class_weight': 'balanced'}",0.2304777713625866,0.2304777713625866,0.0,49,0.23090093762739503,0.23090093762739503,0.0
1.7811484336853027,0.0,0.11374664306640625,0.0,50,20,,16,entropy,balanced,"{'min_samples_split': 50, 'min_samples_leaf': 20, 'max_features': None, 'max_depth': 16, 'criterion': 'entropy', 'class_weight': 'balanced'}",0.9739658444022771,0.9739658444022771,0.0,18,0.9758520294570988,0.9758520294570988,0.0
0.48863959312438965,0.0,0.20882678031921387,0.0,10,10,log2,8,entropy,balanced,"{'min_samples_split': 10, 'min_samples_leaf': 10, 'max_features': 'log2', 'max_depth': 8, 'criterion': 'entropy', 'class_weight': 'balanced'}",0.689911218724778,0.689911218724778,0.0,37,0.6947496947496947,0.6947496947496947,0.0
0.5201694965362549,0.0,0.26410484313964844,0.0,10,1,sqrt,12,entropy,balanced,"{'min_samples_split': 10, 'min_samples_leaf': 1, 'max_features': 'sqrt', 'max_depth': 12, 'criterion': 'entropy', 'class_weight': 'balanced'}",0.8996690839963388,0.8996690839963388,0.0,25,0.8925101848950172,0.8925101848950172,0.0
0.4077608585357666,0.0,0.2095935344696045,0.0,5,20,log2,10,entropy,,"{'min_samples_split': 5, 'min_samples_leaf': 20, 'max_features': 'log2', 'max_depth': 10, 'criterion': 'entropy', 'class_weight': None}",0.8875533765617587,0.8875533765617587,0.0,26,0.8854222700376546,0.8854222700376546,0.0
0.43814563751220703,0.0,0.2232682704925537,0.0,20,2,sqrt,4,log_loss,,"{'min_samples_split': 20, 'min_samples_leaf': 2, 'max_features': 'sqrt', 'max_depth': 4, 'criterion': 'log_loss', 'class_weight': None}",0.6340590515955861,0.6340590515955861,0.0,39,0.6307935790187655,0.6307935790187655,0.0
0.470034122467041,0.0,0.21013998985290527,0.0,2,2,sqrt,,entropy,,"{'min_samples_split': 2, 'min_samples_leaf': 2, 'max_features': 'sqrt', 'max_depth': None, 'criterion': 'entropy', 'class_weight': None}",0.9870271959987497,0.9870271959987497,0.0,14,0.9936552696510398,0.9936552696510398,0.0
0.4753074645996094,0.0,0.22201037406921387,0.0,2,20,sqrt,6,gini,balanced,"{'min_samples_split': 2, 'min_samples_leaf': 20, 'max_features': 'sqrt', 'max_depth': 6, 'criterion': 'gini', 'class_weight': 'balanced'}",0.44783626139499144,0.44783626139499144,0.0,46,0.4466477809254013,0.4466477809254013,0.0
0.48006606101989746,0.0,0.19726204872131348,0.0,5,5,log2,,log_loss,balanced,"{'min_samples_split': 5, 'min_samples_leaf': 5, 'max_features': 'log2', 'max_depth': None, 'criterion': 'log_loss', 'class_weight': 'balanced'}",0.7367269376943453,0.7367269376943453,0.0,34,0.7373868046571799,0.7373868046571799,0.0
0.525273323059082,0.0,0.1910719871520996,0.0,20,1,log2,8,log_loss,balanced,"{'min_samples_split': 20, 'min_samples_leaf': 1, 'max_features': 'log2', 'max_depth': 8, 'criterion': 'log_loss', 'class_weight': 'balanced'}",0.6978315353601395,0.6978315353601395,0.0,36,0.6994589276930644,0.6994589276930644,0.0
1.382307767868042,0.0,0.11358094215393066,0.0,10,5,,16,gini,balanced,"{'min_samples_split': 10, 'min_samples_leaf': 5, 'max_features': None, 'max_depth': 16, 'criterion': 'gini', 'class_weight': 'balanced'}",0.9230547757863672,0.9230547757863672,0.0,21,0.9322865554465162,0.9322865554465162,0.0
1.3484430313110352,0.0,0.09296655654907227,0.0,2,5,,12,log_loss,balanced,"{'min_samples_split': 2, 'min_samples_leaf': 5, 'max_features': None, 'max_depth': 12, 'criterion': 'log_loss', 'class_weight': 'balanced'}",0.9882044560943644,0.9882044560943644,0.0,13,0.993897122929381,0.993897122929381,0.0
1.6060516834259033,0.0,0.11693716049194336,0.0,50,1,,12,gini,,"{'min_samples_split': 50, 'min_samples_leaf': 1, 'max_features': None, 'max_depth': 12, 'criterion': 'gini', 'class_weight': None}",0.9926927860696517,0.9926927860696517,0.0,4,0.994368180218233,0.994368180218233,0.0
0.3370704650878906,0.0,0.1261892318725586,0.0,10,5,sqrt,,entropy,,"{'min_samples_split': 10, 'min_samples_leaf': 5, 'max_features': 'sqrt', 'max_depth': None, 'criterion': 'entropy', 'class_weight': None}",0.9030693317721836,0.9030693317721836,0.0,22,0.9064638783269962,0.9064638783269962,0.0
