accuracy,precision_attack,recall_attack,f1_attack,fpr,tn,fp,fn,tp,n,n_attack,threshold,average_precision,roc_auc,ftp_recall,ftp_support,ssh_recall,ssh_support,model,split,scenario,job,fit_seconds,max_depth,min_samples_leaf,n_estimators,learning_rate
0.9906685113773512,0.9971026490066225,0.5597118959107806,0.7169642857142857,3.5083850402461885e-05,199515,7,1895,2409,203826,4304,0.5,0.5690090415153649,0.7798482244544015,0.9962779156327544,2418,0.0,1886,decision_tree,time,with_port,W3-01,0.3,6,5.0,,
0.9906685113773512,0.9971026490066225,0.5597118959107806,0.7169642857142857,3.5083850402461885e-05,199515,7,1895,2409,203826,4304,0.5,0.5690090415153649,0.7798482244544015,0.9962779156327544,2418,0.0,1886,decision_tree,time,with_port,W3-01,0.3,6,10.0,,
0.9906685113773512,0.9971026490066225,0.5597118959107806,0.7169642857142857,3.5083850402461885e-05,199515,7,1895,2409,203826,4304,0.5,0.5690090415153649,0.7798482244544015,0.9962779156327544,2418,0.0,1886,decision_tree,time,with_port,W3-01,0.3,8,5.0,,
0.9906685113773512,0.9971026490066225,0.5597118959107806,0.7169642857142857,3.5083850402461885e-05,199515,7,1895,2409,203826,4304,0.5,0.5690090415153649,0.7798482244544015,0.9962779156327544,2418,0.0,1886,decision_tree,time,with_port,W3-01,0.2,8,10.0,,
0.9906685113773512,0.9971026490066225,0.5597118959107806,0.7169642857142857,3.5083850402461885e-05,199515,7,1895,2409,203826,4304,0.5,0.5690090415153649,0.7798482244544015,0.9962779156327544,2418,0.0,1886,decision_tree,time,with_port,W3-01,0.3,12,5.0,,
0.9906685113773512,0.9971026490066225,0.5597118959107806,0.7169642857142857,3.5083850402461885e-05,199515,7,1895,2409,203826,4304,0.5,0.5690090415153649,0.7798482244544015,0.9962779156327544,2418,0.0,1886,decision_tree,time,with_port,W3-01,0.3,12,10.0,,
0.9906685113773512,0.9971026490066225,0.5597118959107806,0.7169642857142857,3.5083850402461885e-05,199515,7,1895,2409,203826,4304,0.5,0.5690090415153649,0.7798482244544015,0.9962779156327544,2418,0.0,1886,decision_tree,time,with_port,W3-01,0.3,None,5.0,,
0.9906685113773512,0.9971026490066225,0.5597118959107806,0.7169642857142857,3.5083850402461885e-05,199515,7,1895,2409,203826,4304,0.5,0.5690090415153649,0.7798482244544015,0.9962779156327544,2418,0.0,1886,decision_tree,time,with_port,W3-01,0.3,None,10.0,,
0.9907126666862912,1.0,0.5601765799256505,0.7180938198064035,0.0,199522,0,1893,2411,203826,4304,0.5,0.7208000742589473,0.8886693623876306,0.9971050454921423,2418,0.0,1886,random_forest,time,with_port,W3-03,2.6,10,5.0,100.0,
0.9907126666862912,1.0,0.5601765799256505,0.7180938198064035,0.0,199522,0,1893,2411,203826,4304,0.5,0.7326326415549664,0.8892384915421836,0.9971050454921423,2418,0.0,1886,random_forest,time,with_port,W3-03,2.7,16,5.0,100.0,
0.9907126666862912,1.0,0.5601765799256505,0.7180938198064035,0.0,199522,0,1893,2411,203826,4304,0.5,0.7326326415549664,0.8892384915421836,0.9971050454921423,2418,0.0,1886,random_forest,time,with_port,W3-03,3.3,None,5.0,100.0,
0.9907126666862912,1.0,0.5601765799256505,0.7180938198064035,0.0,199522,0,1893,2411,203826,4304,0.5,0.7100162478821987,0.8880961266478928,0.9971050454921423,2418,0.0,1886,random_forest,time,with_port,W3-03,4.6,10,5.0,150.0,
0.9907126666862912,1.0,0.5601765799256505,0.7180938198064035,0.0,199522,0,1893,2411,203826,4304,0.5,0.7201666562137385,0.8886646991747078,0.9971050454921423,2418,0.0,1886,random_forest,time,with_port,W3-03,4.8,16,5.0,150.0,
0.9907126666862912,1.0,0.5601765799256505,0.7180938198064035,0.0,199522,0,1893,2411,203826,4304,0.5,0.7201666562137385,0.8886646991747078,0.9971050454921423,2418,0.0,1886,random_forest,time,with_port,W3-03,4.3,None,5.0,150.0,
0.9907126666862912,1.0,0.5601765799256505,0.7180938198064035,0.0,199522,0,1893,2411,203826,4304,0.5,0.6970503018490571,0.888439434374549,0.9971050454921423,2418,0.0,1886,random_forest,time,with_port,W3-03,7.4,10,5.0,300.0,
0.9907126666862912,1.0,0.5601765799256505,0.7180938198064035,0.0,199522,0,1893,2411,203826,4304,0.5,0.7058816135969183,0.8890383891105691,0.9971050454921423,2418,0.0,1886,random_forest,time,with_port,W3-03,12.0,16,5.0,300.0,
0.9907126666862912,1.0,0.5601765799256505,0.7180938198064035,0.0,199522,0,1893,2411,203826,4304,0.5,0.7058816135969183,0.8890383891105691,0.9971050454921423,2418,0.0,1886,random_forest,time,with_port,W3-03,9.3,None,5.0,300.0,
0.990673417522789,0.9966928482844151,0.5601765799256505,0.7172393276810948,4.009582903138501e-05,199514,8,1893,2411,203826,4304,0.5,0.5765961246176337,0.7985789923838047,0.9971050454921423,2418,0.0,1886,xgboost,time,with_port,W3-05,3.0,3,,100.0,0.08
0.990673417522789,0.9966928482844151,0.5601765799256505,0.7172393276810948,4.009582903138501e-05,199514,8,1893,2411,203826,4304,0.5,0.5766678568366486,0.7988979668610582,0.9971050454921423,2418,0.0,1886,xgboost,time,with_port,W3-05,1.8,4,,100.0,0.08
0.9907077605408535,0.9995854063018242,0.5601765799256505,0.7179868969624776,5.011978628923127e-06,199521,1,1893,2411,203826,4304,0.5,0.5766178889634076,0.7982284921650477,0.9971050454921423,2418,0.0,1886,xgboost,time,with_port,W3-05,2.5,6,,100.0,0.08
0.990673417522789,0.9966928482844151,0.5601765799256505,0.7172393276810948,4.009582903138501e-05,199514,8,1893,2411,203826,4304,0.5,0.6067225598564242,0.8767045297974054,0.9971050454921423,2418,0.0,1886,xgboost,time,with_port,W3-05,3.0,3,,200.0,0.08
0.9907126666862912,1.0,0.5601765799256505,0.7180938198064035,0.0,199522,0,1893,2411,203826,4304,0.5,0.6045199691010246,0.8920862916273239,0.9971050454921423,2418,0.0,1886,xgboost,time,with_port,W3-05,3.0,4,,200.0,0.08
0.9907077605408535,0.9995854063018242,0.5601765799256505,0.7179868969624776,5.011978628923127e-06,199521,1,1893,2411,203826,4304,0.5,0.6044187346766213,0.8926428192189743,0.9971050454921423,2418,0.0,1886,xgboost,time,with_port,W3-05,3.4,6,,200.0,0.08
0.990477171705278,0.9812627291242363,0.5597118959107806,0.7128273413226809,0.00023055101693046382,199476,46,1895,2409,203826,4304,0.5,0.5676184529540959,0.7797967777281383,0.9962779156327544,2418,0.0,1886,decision_tree,time,without_port,W3-01,0.4,6,5.0,,
0.990477171705278,0.9812627291242363,0.5597118959107806,0.7128273413226809,0.00023055101693046382,199476,46,1895,2409,203826,4304,0.5,0.568081214087415,0.779799582992199,0.9962779156327544,2418,0.0,1886,decision_tree,time,without_port,W3-01,0.4,6,10.0,,
0.9906636052319135,0.9966901117087298,0.5597118959107806,0.7168576104746317,4.009582903138501e-05,199514,8,1895,2409,203826,4304,0.5,0.5676184529540959,0.7798387053049354,0.9962779156327544,2418,0.0,1886,decision_tree,time,without_port,W3-01,0.3,8,5.0,,
0.990477171705278,0.9812627291242363,0.5597118959107806,0.7128273413226809,0.00023055101693046382,199476,46,1895,2409,203826,4304,0.5,0.568081214087415,0.779799582992199,0.9962779156327544,2418,0.0,1886,decision_tree,time,without_port,W3-01,0.3,8,10.0,,
0.9906636052319135,0.9966901117087298,0.5597118959107806,0.7168576104746317,4.009582903138501e-05,199514,8,1895,2409,203826,4304,0.5,0.5676184529540959,0.7798387053049354,0.9962779156327544,2418,0.0,1886,decision_tree,time,without_port,W3-01,0.3,12,5.0,,
0.990477171705278,0.9812627291242363,0.5597118959107806,0.7128273413226809,0.00023055101693046382,199476,46,1895,2409,203826,4304,0.5,0.568081214087415,0.779799582992199,0.9962779156327544,2418,0.0,1886,decision_tree,time,without_port,W3-01,0.3,12,10.0,,
0.9906636052319135,0.9966901117087298,0.5597118959107806,0.7168576104746317,4.009582903138501e-05,199514,8,1895,2409,203826,4304,0.5,0.5676184529540959,0.7798387053049354,0.9962779156327544,2418,0.0,1886,decision_tree,time,without_port,W3-01,0.4,None,5.0,,
0.990477171705278,0.9812627291242363,0.5597118959107806,0.7128273413226809,0.00023055101693046382,199476,46,1895,2409,203826,4304,0.5,0.568081214087415,0.779799582992199,0.9962779156327544,2418,0.0,1886,decision_tree,time,without_port,W3-01,0.4,None,10.0,,
0.9904967962870291,0.9820773930753565,0.5601765799256505,0.7134191448439118,0.00022052705967261755,199478,44,1893,2411,203826,4304,0.5,0.5694412376453043,0.7758941680793675,0.9971050454921423,2418,0.0,1886,random_forest,time,without_port,W3-03,2.9,10,5.0,100.0,
0.9904967962870291,0.9820773930753565,0.5601765799256505,0.7134191448439118,0.00022052705967261755,199478,44,1893,2411,203826,4304,0.5,0.5694411445115878,0.7769566807653563,0.9971050454921423,2418,0.0,1886,random_forest,time,without_port,W3-03,2.8,16,5.0,100.0,
0.9904967962870291,0.9820773930753565,0.5601765799256505,0.7134191448439118,0.00022052705967261755,199478,44,1893,2411,203826,4304,0.5,0.5694411445115878,0.7769566807653563,0.9971050454921423,2418,0.0,1886,random_forest,time,without_port,W3-03,3.0,None,5.0,100.0,
0.9904918901415913,0.9820700896495518,0.5599442379182156,0.7132287659070731,0.00022052705967261755,199478,44,1894,2410,203826,4304,0.5,0.5694399406468895,0.7754124935268154,0.9966914805624483,2418,0.0,1886,random_forest,time,without_port,W3-03,4.4,10,5.0,150.0,
0.9904918901415913,0.9820700896495518,0.5599442379182156,0.7132287659070731,0.00022052705967261755,199478,44,1894,2410,203826,4304,0.5,0.5694398485674376,0.7763967505246461,0.9966914805624483,2418,0.0,1886,random_forest,time,without_port,W3-03,4.0,16,5.0,150.0,
0.9904918901415913,0.9820700896495518,0.5599442379182156,0.7132287659070731,0.00022052705967261755,199478,44,1894,2410,203826,4304,0.5,0.5694398485674376,0.7763967505246461,0.9966914805624483,2418,0.0,1886,random_forest,time,without_port,W3-03,5.2,None,5.0,150.0,
0.9904967962870291,0.9824704443538524,0.5599442379182156,0.7133343199644813,0.00021551508104369443,199479,43,1894,2410,203826,4304,0.5,0.5694407727348312,0.7748217286713013,0.9966914805624483,2418,0.0,1886,random_forest,time,without_port,W3-03,7.7,10,5.0,300.0,
0.9904967962870291,0.9824704443538524,0.5599442379182156,0.7133343199644813,0.00021551508104369443,199479,43,1894,2410,203826,4304,0.5,0.5694409584717729,0.7756847479556064,0.9966914805624483,2418,0.0,1886,random_forest,time,without_port,W3-03,8.8,16,5.0,300.0,
0.9904967962870291,0.9824704443538524,0.5599442379182156,0.7133343199644813,0.00021551508104369443,199479,43,1894,2410,203826,4304,0.5,0.5694409584717729,0.7756847479556064,0.9966914805624483,2418,0.0,1886,random_forest,time,without_port,W3-03,7.9,None,5.0,300.0,
0.9903348934875825,0.9698067632850241,0.5597118959107806,0.7097819681791396,0.00037589839716923446,199447,75,1895,2409,203826,4304,0.5,0.5993145792404804,0.9134986253297798,0.9962779156327544,2418,0.0,1886,xgboost,time,without_port,W3-05,1.5,3,,100.0,0.08
0.9904967962870291,0.9828641370869033,0.5597118959107806,0.7132494448556624,0.0002105031024147713,199480,42,1895,2409,203826,4304,0.5,0.6003447428692247,0.9175735892845238,0.9962779156327544,2418,0.0,1886,xgboost,time,without_port,W3-05,1.4,4,,100.0,0.08
0.9905017024324669,0.983265306122449,0.5597118959107806,0.7133550488599348,0.00020549112378584816,199481,41,1895,2409,203826,4304,0.5,0.5966085697903845,0.912737335004825,0.9962779156327544,2418,0.0,1886,xgboost,time,without_port,W3-05,1.4,6,,100.0,0.08
0.9905115147233424,0.9840686274509803,0.5597118959107806,0.7135663507109005,0.00019546716652800192,199483,39,1895,2409,203826,4304,0.5,0.6595144832602576,0.9269900706275358,0.9962779156327544,2418,0.0,1886,xgboost,time,without_port,W3-05,3.1,3,,200.0,0.08
0.9905115147233424,0.9840686274509803,0.5597118959107806,0.7135663507109005,0.00019546716652800192,199483,39,1895,2409,203826,4304,0.5,0.6873893941672146,0.9704497862344534,0.9962779156327544,2418,0.0,1886,xgboost,time,without_port,W3-05,2.5,4,,200.0,0.08
0.9905115147233424,0.9840686274509803,0.5597118959107806,0.7135663507109005,0.00019546716652800192,199483,39,1895,2409,203826,4304,0.5,0.6821526969406708,0.9626554997810939,0.9962779156327544,2418,0.0,1886,xgboost,time,without_port,W3-05,4.0,6,,200.0,0.08
0.9980912443062685,0.9421753769579857,0.99984464812801,0.9701537533916189,0.0019649004118829218,200633,395,1,6436,207465,6437,0.5,0.9739199727995469,0.9994959692329786,0.9997292174383969,3693,1.0,2744,decision_tree,random,with_port,W3-02,0.7,6,5.0,,
0.9979514616923336,0.9381924198250728,0.99984464812801,0.9680379032864556,0.0021091589231350856,200604,424,1,6436,207465,6437,0.5,0.9739153423101704,0.9994958084932339,0.9997292174383969,3693,1.0,2744,decision_tree,random,with_port,W3-02,0.6,6,10.0,,
0.9993251873810041,0.9797348773426786,0.9989125368960696,0.9892307692307692,0.0006615993791909585,200895,133,7,6430,207465,6437,0.5,0.9884599747394849,0.9992863750386707,0.9997292174383969,3693,0.9978134110787172,2744,decision_tree,random,with_port,W3-02,0.7,8,5.0,,
0.9991468440459836,0.9742424242424242,0.9989125368960696,0.9864232568842525,0.0008456533418230297,200858,170,7,6430,207465,6437,0.5,0.9886650874481766,0.9992890272444563,0.9997292174383969,3693,0.9978134110787172,2744,decision_tree,random,with_port,W3-02,0.7,8,10.0,,
0.9996192128792808,0.9899815043156597,0.9978250737921392,0.9938878143133463,0.00032333804246174663,200963,65,14,6423,207465,6437,0.5,0.9969506887017308,0.9988970463759727,0.9997292174383969,3693,0.9952623906705539,2744,decision_tree,random,with_port,W3-02,0.8,12,5.0,,
0.9993685681922252,0.981080256332011,0.9989125368960696,0.9899160957586021,0.0006168294963885628,200904,124,7,6430,207465,6437,0.5,0.9981328687967522,0.999442381075054,0.9997292174383969,3693,0.9978134110787172,2744,decision_tree,random,with_port,W3-02,0.7,12,10.0,,
0.9996192128792808,0.9899815043156597,0.9978250737921392,0.9938878143133463,0.00032333804246174663,200963,65,14,6423,207465,6437,0.5,0.9969495310554006,0.9988970224195685,0.9997292174383969,3693,0.9952623906705539,2744,decision_tree,random,with_port,W3-02,0.7,None,5.0,,
0.9993685681922252,0.981080256332011,0.9989125368960696,0.9899160957586021,0.0006168294963885628,200904,124,7,6430,207465,6437,0.5,0.9974671799931358,0.9994318344612838,0.9997292174383969,3693,0.9978134110787172,2744,decision_tree,random,with_port,W3-02,0.7,None,10.0,,
0.9998891379268793,0.9970551766893986,0.9993785925120398,0.9982155326247187,9.451419702727978e-05,201009,19,4,6433,207465,6437,0.5,0.9998645492667271,0.9999735830412076,0.9997292174383969,3693,0.9989067055393586,2744,random_forest,random,with_port,W3-04,6.2,10,5.0,100.0,
0.9999807196394572,1.0,0.9993785925120398,0.9996891996891997,0.0,201028,0,4,6433,207465,6437,0.5,0.9998491788100148,0.9999157642595727,0.9997292174383969,3693,0.9989067055393586,2744,random_forest,random,with_port,W3-04,6.2,16,5.0,100.0,
0.9999807196394572,1.0,0.9993785925120398,0.9996891996891997,0.0,201028,0,4,6433,207465,6437,0.5,0.9998492752456534,0.9999154794874772,0.9997292174383969,3693,0.9989067055393586,2744,random_forest,random,with_port,W3-04,6.2,None,5.0,100.0,
0.9998843178367436,0.9970547201984189,0.9992232406400497,0.9981378026070763,9.451419702727978e-05,201009,19,5,6432,207465,6437,0.5,0.9998618211264465,0.9999679301025941,0.9997292174383969,3693,0.9985422740524781,2744,random_forest,random,with_port,W3-04,9.1,10,5.0,150.0,
0.9999710794591858,0.9996891996891997,0.9993785925120398,0.9995338719701679,9.948862844976819e-06,201026,2,4,6433,207465,6437,0.5,0.9998492510365262,0.999913868612489,0.9997292174383969,3693,0.9989067055393586,2744,random_forest,random,with_port,W3-04,9.1,16,5.0,150.0,
0.9999758995493215,0.9998445756916382,0.9993785925120398,0.9996115297956647,4.974431422488409e-06,201027,1,4,6433,207465,6437,0.5,0.9998492510590254,0.9999138585662548,0.9997292174383969,3693,0.9989067055393586,2744,random_forest,random,with_port,W3-04,9.2,None,5.0,150.0,
0.9998794977466079,0.9970542635658914,0.9990678887680596,0.9980600605261116,9.451419702727978e-05,201009,19,6,6431,207465,6437,0.5,0.9998583888368998,0.9999616859817468,0.9997292174383969,3693,0.9981778425655977,2744,random_forest,random,with_port,W3-04,18.9,10,5.0,300.0,
0.9999710794591858,0.9996891996891997,0.9993785925120398,0.9995338719701679,9.948862844976819e-06,201026,2,4,6433,207465,6437,0.5,0.9998490099978699,0.9999097654986722,0.9997292174383969,3693,0.9989067055393586,2744,random_forest,random,with_port,W3-04,18.0,16,5.0,300.0,
0.9999710794591858,0.9998445515311675,0.9992232406400497,0.9995337995337995,4.974431422488409e-06,201027,1,5,6432,207465,6437,0.5,0.9998490340908778,0.9999101580745868,0.9997292174383969,3693,0.9985422740524781,2744,random_forest,random,with_port,W3-04,11.6,None,5.0,300.0,
0.9995806521581954,0.9871126112304388,0.9995339443840299,0.9932844461597838,0.0004178522394890264,200944,84,3,6434,207465,6437,0.5,0.9998504035032578,0.9999851597803602,0.9997292174383969,3693,0.999271137026239,2744,xgboost,random,with_port,W3-06,1.6,3,,100.0,0.08
0.9997300749524016,0.9918298134731001,0.9995339443840299,0.995666976168369,0.0002636448653918857,200975,53,3,6434,207465,6437,0.5,0.9998564554955379,0.9999577003315897,0.9997292174383969,3693,0.999271137026239,2744,xgboost,random,with_port,W3-06,1.9,4,,100.0,0.08
0.9997493553129444,0.9924417707851303,0.9995339443840299,0.9959752321981424,0.00024374713970193207,200979,49,3,6434,207465,6437,0.5,0.9998774721832699,0.9999836064780206,0.9997292174383969,3693,0.999271137026239,2744,xgboost,random,with_port,W3-06,1.8,6,,100.0,0.08
0.9998120164847083,0.9941303676243435,0.99984464812801,0.9969793199597242,0.00018902839405455957,200990,38,1,6436,207465,6437,0.5,0.9999260050827696,0.9999956410936091,0.9997292174383969,3693,1.0,2744,xgboost,random,with_port,W3-06,3.1,3,,200.0,0.08
0.9999614392789146,0.9992234819071284,0.9995339443840299,0.9993786890338614,2.487215711244205e-05,201023,5,3,6434,207465,6437,0.5,0.999880187576467,0.9999843158967011,0.9997292174383969,3693,0.999271137026239,2744,xgboost,random,with_port,W3-06,3.4,4,,200.0,0.08
0.9999710794591858,0.9992237230243751,0.99984464812801,0.9995340891442771,2.487215711244205e-05,201023,5,1,6436,207465,6437,0.5,0.9999230906341481,0.9999952346075242,0.9997292174383969,3693,1.0,2744,xgboost,random,with_port,W3-06,3.3,6,,200.0,0.08
0.9596992263755332,0.43484150636683827,0.997359018176169,0.6056318098202915,0.04150665578924329,192684,8344,17,6420,207465,6437,0.5,0.4376729495067816,0.9788536228585443,0.9997292174383969,3693,0.9941690962099126,2744,decision_tree,random,without_port,W3-02,0.7,6,5.0,,
0.9597136866459403,0.43492988279926836,0.997359018176169,0.6057175205208039,0.04149173249497583,192687,8341,17,6420,207465,6437,0.5,0.4376731035969395,0.9788536669074166,0.9997292174383969,3693,0.9941690962099126,2744,decision_tree,random,without_port,W3-02,0.7,6,10.0,,
0.9713927650447063,0.5205031857539618,0.9899021283206463,0.6822635044702607,0.029199912450006964,195158,5870,65,6372,207465,6437,0.5,0.5220549483265774,0.9843169843991166,0.9875440021662605,3693,0.9930758017492711,2744,decision_tree,random,without_port,W3-02,0.6,8,5.0,,
0.9713879449545707,0.5204506490325741,0.9903681839366164,0.6823290163758964,0.029219810175696918,195154,5874,62,6375,207465,6437,0.5,0.522056128018902,0.9845456486639874,0.9875440021662605,3693,0.9941690962099126,2744,decision_tree,random,without_port,W3-02,0.7,8,10.0,,
0.9934639577760104,0.8281028025313186,0.9961162032002485,0.9043723554301834,0.006620968223332073,199697,1331,25,6412,207465,6437,0.5,0.8372854182742853,0.9952503835891718,0.9983753046303818,3693,0.9930758017492711,2744,decision_tree,random,without_port,W3-02,0.7,12,5.0,,
0.9933820162437037,0.8257010547980448,0.997203666304179,0.9033847019914151,0.006740354577471795,199673,1355,18,6419,207465,6437,0.5,0.839508108645886,0.9958171496102082,0.9983753046303818,3693,0.9956268221574344,2744,decision_tree,random,without_port,W3-02,0.7,12,10.0,,
0.9987371363844504,0.9661784689717651,0.9940966288643778,0.9799387442572741,0.0011142726386374037,200804,224,38,6399,207465,6437,0.5,0.9895234852981134,0.9969684816470249,0.9981045220687788,3693,0.9887026239067055,2744,decision_tree,random,without_port,W3-02,0.7,None,5.0,,
0.9982647675511532,0.95182156133829,0.9944073326083579,0.9726485336574988,0.0016117157808862447,200704,324,36,6401,207465,6437,0.5,0.9924509663261594,0.9971643681413839,0.9983753046303818,3693,0.989067055393586,2744,decision_tree,random,without_port,W3-02,0.7,None,10.0,,
0.9987178560239076,0.963915200721696,0.9959608513282585,0.9796760391198044,0.0011938635413972184,200788,240,26,6411,207465,6437,0.5,0.9984884473110264,0.9998234069117145,0.9989168697535878,3693,0.9919825072886297,2744,random_forest,random,without_port,W3-04,4.3,10,5.0,100.0,
0.9996240329694165,0.9928693225856456,0.9950287400963181,0.9939478584729982,0.00022882384543446683,200982,46,32,6405,207465,6437,0.5,0.9991933360772371,0.9998726987590139,0.9983753046303818,3693,0.9905247813411079,2744,random_forest,random,without_port,W3-04,4.6,16,5.0,100.0,
0.9996240329694165,0.9930221739804621,0.9948733882243281,0.9939469191370479,0.00022384941401197843,200983,45,33,6404,207465,6437,0.5,0.9992148688561169,0.9998755943927783,0.9981045220687788,3693,0.9905247813411079,2744,random_forest,random,without_port,W3-04,4.4,None,5.0,100.0,
0.9972525486226592,0.9219042140083418,0.9958054994562684,0.9574309185959672,0.0027011162624112064,200485,543,27,6410,207465,6437,0.5,0.998497612576126,0.999827951673435,0.9989168697535878,3693,0.9916180758017493,2744,random_forest,random,without_port,W3-04,6.6,10,5.0,150.0,
0.9996288530595522,0.9930232558139535,0.9950287400963181,0.9940249864204237,0.00022384941401197843,200983,45,32,6405,207465,6437,0.5,0.9992301919530503,0.9998775163146281,0.9981045220687788,3693,0.9908892128279884,2744,random_forest,random,without_port,W3-04,6.4,16,5.0,150.0,
0.9996384932398236,0.9930254184748915,0.9953394438402983,0.994181084645822,0.00022384941401197843,200983,45,30,6407,207465,6437,0.5,0.99927038395367,0.9998780051025532,0.9989168697535878,3693,0.9905247813411079,2744,random_forest,random,without_port,W3-04,6.4,None,5.0,150.0,
0.9987756971055358,0.9657978002109386,0.9958054994562684,0.9805721278874101,0.001129195932904869,200801,227,27,6410,207465,6437,0.5,0.9986169947938836,0.9998313461413586,0.999458434876794,3693,0.9908892128279884,2744,random_forest,random,without_port,W3-04,13.6,10,5.0,300.0,
0.9996336731496879,0.9931772367808963,0.9950287400963181,0.9941021263386621,0.00021887498258949003,200984,44,32,6405,207465,6437,0.5,0.9992966696785731,0.9998779235735001,0.9983753046303818,3693,0.9905247813411079,2744,random_forest,random,without_port,W3-04,20.6,16,5.0,300.0,
0.9996384932398236,0.9931782945736434,0.9951840919683083,0.9941801815783348,0.00021887498258949003,200984,44,31,6406,207465,6437,0.5,0.9993598608517892,0.9998795862252331,0.9983753046303818,3693,0.9908892128279884,2744,random_forest,random,without_port,W3-04,20.6,None,5.0,300.0,
0.9989347600800135,0.9680722891566265,0.9986018331520895,0.9831000994111799,0.0010545794615675428,200816,212,9,6428,207465,6437,0.5,0.9996967793710566,0.9999610511370345,0.9997292174383969,3693,0.9970845481049563,2744,xgboost,random,without_port,W3-06,2.0,3,,100.0,0.08
0.9993782083724966,0.9818209593644974,0.9984464812800994,0.990063929754294,0.0005919573392761207,200909,119,10,6427,207465,6437,0.5,0.9997051015250081,0.9999358157699223,0.999458434876794,3693,0.9970845481049563,2744,xgboost,random,without_port,W3-06,2.1,4,,100.0,0.08
0.999831296845251,0.9962790697674418,0.9982911294081094,0.9972840847365562,0.00011938635413972183,201004,24,11,6426,207465,6437,0.5,0.9998040282781778,0.9999644096703517,0.9997292174383969,3693,0.9963556851311953,2744,xgboost,random,without_port,W3-06,2.4,6,,100.0,0.08
0.9997107945918589,0.9918247724818757,0.9989125368960696,0.9953560371517027,0.0002636448653918857,200975,53,7,6430,207465,6437,0.5,0.9998408167308831,0.9999790868318852,0.999458434876794,3693,0.9981778425655977,2744,xgboost,random,without_port,W3-06,3.2,3,,200.0,0.08
0.9998794977466079,0.9975170701427685,0.9986018331520895,0.9980591568977564,7.959090275981455e-05,201012,16,9,6428,207465,6437,0.5,0.9998282318004024,0.9999571052854199,0.9991876523151909,3693,0.9978134110787172,2744,xgboost,random,without_port,W3-06,3.8,4,,200.0,0.08
0.9998987781071506,0.9984462399005594,0.9982911294081094,0.99836867862969,4.97443142248841e-05,201018,10,11,6426,207465,6437,0.5,0.9998505462046366,0.9999672910075519,0.999458434876794,3693,0.9967201166180758,2744,xgboost,random,without_port,W3-06,5.2,6,,200.0,0.08
